"","track_id","track_name","plays","date_retrieved"
"1","24emu3sabKISjRkrys28jq","Lavender Haze",440003544,"Thu Jun  8 14:59:43 2023"
"2","6qxvy9Pe4RJIq5JBVbbwbS","Maroon",NA,"Thu Jun  8 14:59:04 2023"
"3","5qIHFdkW6phMsTZlN2g8Lc","Anti-Hero",NA,"Thu Jun  8 14:59:04 2023"
"4","7GA86Uo2jYbj8vIXe2nyWd","Snow On The Beach (feat. Lana Del Rey)",300605971,"Thu Jun  8 15:21:49 2023"
"5","6PQOU00xWNrGwCZzboriXy","You're On Your Own, Kid",NA,"Thu Jun  8 14:59:04 2023"
"6","4eKMqf9ZMSclDX7V9Ptg7x","Midnight Rain",NA,"Thu Jun  8 14:59:04 2023"
"7","7oomkQSYf1ia2VnVEWfFIU","Question...?",NA,"Thu Jun  8 14:59:04 2023"
"8","0GKDhq6ZbmSbRHd3eyGlB7","Vigilante Shit",NA,"Thu Jun  8 14:59:04 2023"
"9","0VpF6RLdCfPIeYRwMu4tZK","Bejeweled",NA,"Thu Jun  8 14:59:04 2023"
"10","4bBDkw2KBMX0tcgAaXC83Q","Labyrinth",NA,"Thu Jun  8 14:59:04 2023"
"11","45R112Jz5hQeKgITXgSXzs","Karma",NA,"Thu Jun  8 14:59:04 2023"
"12","2L09RYwH5Pjzca6PmbUAw3","Sweet Nothing",NA,"Thu Jun  8 14:59:04 2023"
"13","1QQii3pa5m8MEda0nbkjfw","Mastermind",NA,"Thu Jun  8 14:59:04 2023"
"14","2VuqMjgoKaOHNM8HpxtXKx","The Great War",NA,"Thu Jun  8 14:59:04 2023"
"15","71CBDRKmF2VeRKYMG1DFBh","Bigger Than The Whole Sky",NA,"Thu Jun  8 14:59:04 2023"
"16","5tWxKWq1DSP1s9WQ5PWuqu","Paris",NA,"Thu Jun  8 14:59:04 2023"
"17","1SztNGCwEHJEVFx90E5g7D","High Infidelity",NA,"Thu Jun  8 14:59:04 2023"
"18","7C0w28EsX0Um2FrZs9gso2","Glitch",NA,"Thu Jun  8 14:59:04 2023"
"19","4txojlesMFQZGWxwz2EeqB","Would've, Could've, Should've",NA,"Thu Jun  8 14:59:04 2023"
"20","10GRRCR5fctuOF4GFmATJI","Dear Reader",NA,"Thu Jun  8 14:59:04 2023"
"21","3xYJScVfxByb61dYHTwiby","Hits Different",NA,"Thu Jun  8 14:59:04 2023"
"22","4zmKGsrXjLmljb5fTaBTot","Snow On The Beach (feat. More Lana Del Rey)",NA,"Thu Jun  8 14:59:04 2023"
"23","4i6cwNY6oIUU2XZxPIw82Y","Karma (feat. Ice Spice)",NA,"Thu Jun  8 14:59:04 2023"
"24","4g2c7NoTWAOSYDy44l9nub","Lavender Haze",NA,"Thu Jun  8 14:59:04 2023"
"25","199E1RRrVmVTQqBXih5qRC","Maroon",NA,"Thu Jun  8 14:59:04 2023"
"26","02Zkkf2zMkwRGQjZ7T4p8f","Anti-Hero",NA,"Thu Jun  8 14:59:04 2023"
"27","6ADDIJxxqzM9LMpm78yzQG","Snow On The Beach (feat. Lana Del Rey)",NA,"Thu Jun  8 14:59:04 2023"
"28","7gVWKBcfIW93YxNBi3ApIE","You're On Your Own, Kid",NA,"Thu Jun  8 14:59:04 2023"
"29","6Nl7KyvjkFncGsjB49SxLl","Midnight Rain",NA,"Thu Jun  8 14:59:04 2023"
"30","6C7OF1Jal7YkyjzyUG8vkK","Question...?",NA,"Thu Jun  8 14:59:04 2023"
"31","5yeuXkukVGuix3vmLu2BPJ","Vigilante Shit",NA,"Thu Jun  8 14:59:04 2023"
"32","0jvo9CjnbR0lYUDTSNTMiu","Bejeweled",NA,"Thu Jun  8 14:59:04 2023"
"33","43q586vP8gGkYypKoSddhl","Labyrinth",NA,"Thu Jun  8 14:59:04 2023"
"34","5oqDgw5VGBln5dSIOPWyBq","Karma",NA,"Thu Jun  8 14:59:04 2023"
"35","3zmwONxswBAzGwExPugSLN","Sweet Nothing",NA,"Thu Jun  8 14:59:04 2023"
"36","56hioFjQ0DXrdn04hZcFgG","Mastermind",NA,"Thu Jun  8 14:59:04 2023"
"37","3UMrglJeju5yWyYIW6o99b","The Great War",NA,"Thu Jun  8 14:59:04 2023"
"38","0BiqmkasE5FdrChwKfVp8X","Bigger Than The Whole Sky",NA,"Thu Jun  8 14:59:04 2023"
"39","7712gjoih4QoDbXpljEk21","Paris",NA,"Thu Jun  8 14:59:04 2023"
"40","5kiZGSxgqPdv6rbqL9THdd","High Infidelity",NA,"Thu Jun  8 14:59:04 2023"
"41","6wAFvJPpTZVirBKGZ4EnMW","Glitch",NA,"Thu Jun  8 14:59:04 2023"
"42","0aV5uARAknQgYhBaK944FP","Would've, Could've, Should've",NA,"Thu Jun  8 14:59:04 2023"
"43","3QF5RsWzK1lCvf2o2cY65P","Dear Reader",NA,"Thu Jun  8 14:59:04 2023"
"44","5jQI2r1RdgtuT8S3iG8zFC","Lavender Haze",NA,"Thu Jun  8 14:59:04 2023"
"45","3eX0NZfLtGzoLUxPNvRfqm","Maroon",NA,"Thu Jun  8 14:59:04 2023"
"46","0V3wPSX9ygBnCm8psDIegu","Anti-Hero",NA,"Thu Jun  8 14:59:04 2023"
"47","1wtOxkiel43cVs0Yux5Q4h","Snow On The Beach (feat. Lana Del Rey)",NA,"Thu Jun  8 14:59:04 2023"
"48","4D7BCuvgdJlYvlX5WlN54t","You're On Your Own, Kid",NA,"Thu Jun  8 14:59:04 2023"
"49","3rWDp9tBPQR9z6U5YyRSK4","Midnight Rain",NA,"Thu Jun  8 14:59:04 2023"
"50","0heeNYlwOGuUSe7TgUD27B","Question...?",NA,"Thu Jun  8 14:59:04 2023"
"51","1xwAWUI6Dj0WGC3KiUPN0O","Vigilante Shit",NA,"Thu Jun  8 14:59:04 2023"
"52","3qoftcUZaUOncvIYjFSPdE","Bejeweled",NA,"Thu Jun  8 14:59:04 2023"
"53","0A1JLUlkZkp2EFrosoNQi0","Labyrinth",NA,"Thu Jun  8 14:59:04 2023"
"54","7KokYm8cMIXCsGVmUvKtqf","Karma",NA,"Thu Jun  8 14:59:04 2023"
"55","0wavGRldH0AWyu2zvTz8zb","Sweet Nothing",NA,"Thu Jun  8 14:59:04 2023"
"56","7FmYn9e7KHMXcxqGSj9LjH","Mastermind",NA,"Thu Jun  8 14:59:04 2023"
"57","6lzc0Al0zfZOIFsFvBS1ki","State Of Grace (Taylor's Version)",NA,"Thu Jun  8 14:59:04 2023"
"58","4OAuvHryIVv4kMDNSLuPt6","Red (Taylor's Version)",NA,"Thu Jun  8 14:59:04 2023"
"59","3S7HNKPakdwNEBFIVTL6dZ","Treacherous (Taylor's Version)",NA,"Thu Jun  8 14:59:04 2023"
"60","6AtZLIzUINvExIUy4QhdjP","I Knew You Were Trouble (Taylor's Version)",NA,"Thu Jun  8 14:59:04 2023"
"61","3nsfB1vus2qaloUdcBZvDu","All Too Well (Taylor's Version)",NA,"Thu Jun  8 14:59:04 2023"
"62","3yII7UwgLF6K5zW3xad3MP","22 (Taylor's Version)",NA,"Thu Jun  8 14:59:04 2023"
"63","2r9CbjYgFhtAmcFv1cSquB","I Almost Do (Taylor's Version)",NA,"Thu Jun  8 14:59:04 2023"
"64","5YqltLsjdqFtvqE7Nrysvs","We Are Never Ever Getting Back Together (Taylor's Version)",NA,"Thu Jun  8 14:59:04 2023"
"65","7eQj6r5PIdYKEIZjucBMcq","Stay Stay Stay (Taylor's Version)",NA,"Thu Jun  8 14:59:04 2023"
"66","0y6kdSRCVQhSsHSpWvTUm7","The Last Time (feat. Gary Lightbody of Snow Patrol) (Taylor’s Version)",NA,"Thu Jun  8 14:59:04 2023"
"67","7J4b3LVCIGO4CMBDFLPoP6","Holy Ground (Taylor's Version)",NA,"Thu Jun  8 14:59:04 2023"
"68","73qMN9bXy7MSPwwGfH3wQr","Sad Beautiful Tragic (Taylor's Version)",NA,"Thu Jun  8 14:59:04 2023"
"69","4e5ayHsOLJNLTGfjau2mEw","The Lucky One (Taylor's Version)",NA,"Thu Jun  8 14:59:04 2023"
"70","7qEUFOVcxRI19tbT68JcYK","Everything Has Changed (feat. Ed Sheeran) (Taylor’s Version)",NA,"Thu Jun  8 14:59:04 2023"
"71","7A2cNLRT0YJc1yjxHlKihs","Starlight (Taylor's Version)",NA,"Thu Jun  8 14:59:04 2023"
"72","05GsNucq8Bngd9fnd4fRa0","Begin Again (Taylor's Version)",NA,"Thu Jun  8 14:59:04 2023"
"73","0NRHj8hDwwmSPaA41o379r","The Moment I Knew (Taylor's Version)",NA,"Thu Jun  8 14:59:04 2023"
"74","4pNApnaUWAL2J4KO2eqokq","Come Back...Be Here (Taylor's Version)",NA,"Thu Jun  8 14:59:04 2023"
"75","0DMVrlMUn01M0IcpDbwgu7","Girl At Home (Taylor's Version)",NA,"Thu Jun  8 14:59:04 2023"
"76","5jAIouBES8LWMiriuNq170","State Of Grace (Acoustic Version) (Taylor's Version)",NA,"Thu Jun  8 14:59:04 2023"
"77","7nWui6jiMM2m9qFmET1Mtj","Ronan (Taylor's Version)",NA,"Thu Jun  8 14:59:04 2023"
"78","4OmFmE0fzcMG6g0Y8p4eSD","Better Man (Taylor's Version) (From The Vault)",NA,"Thu Jun  8 14:59:04 2023"
"79","01K4zKU104LyJ8gMb7227B","Nothing New (feat. Phoebe Bridgers) (Taylor’s Version) (From The Vault)",NA,"Thu Jun  8 14:59:04 2023"
"80","0v4z1tuZvn6LGknom9Qx7d","Babe (Taylor's Version) (From The Vault)",NA,"Thu Jun  8 14:59:04 2023"
"81","3z6XUommYDWPHeFhmhhT6j","Message In A Bottle (Taylor's Version) (From The Vault)",NA,"Thu Jun  8 14:59:04 2023"
"82","4CkgMiMqZ5JzW9iYXSTMTL","I Bet You Think About Me (feat. Chris Stapleton) (Taylor’s Version) (From The Vault)",NA,"Thu Jun  8 14:59:04 2023"
"83","3oGVx9RBmiYGv5ZCecWLkx","Forever Winter (Taylor's Version) (From The Vault)",NA,"Thu Jun  8 14:59:04 2023"
"84","4IQkfUsrwXol38VV3U7t7T","Run (feat. Ed Sheeran) (Taylor’s Version) (From The Vault)",NA,"Thu Jun  8 14:59:04 2023"
"85","6pYNq0ZwpPVazKzsqpf0G8","The Very First Night (Taylor's Version) (From The Vault)",NA,"Thu Jun  8 14:59:04 2023"
"86","5enxwA8aAbwZbf5qCHORXi","All Too Well (10 Minute Version) (Taylor's Version) (From The Vault)",NA,"Thu Jun  8 14:59:04 2023"
"87","77sMIMlNaSURUAXq5coCxE","Fearless (Taylor’s Version)",NA,"Thu Jun  8 14:59:04 2023"
"88","2nqio0SfWg6gh2eCtfuMa5","Fifteen (Taylor’s Version)",NA,"Thu Jun  8 14:59:04 2023"
"89","6YvqWjhGD8mB5QXcbcUKtx","Love Story (Taylor’s Version)",NA,"Thu Jun  8 14:59:04 2023"
"90","550erGcdD9n6PnwxrvYqZT","Hey Stephen (Taylor’s Version)",NA,"Thu Jun  8 14:59:04 2023"
"91","5YL553x8sHderRBDlm3NM3","White Horse (Taylor’s Version)",NA,"Thu Jun  8 14:59:04 2023"
"92","1qrpoAMXodY6895hGKoUpA","You Belong With Me (Taylor’s Version)",NA,"Thu Jun  8 14:59:04 2023"
"93","7HC7R2D8WjXVcUHJyEGjRs","Breathe (feat. Colbie Caillat) (Taylor’s Version)",NA,"Thu Jun  8 14:59:04 2023"
"94","0k0vFacOHNuArLWMiH60p7","Tell Me Why (Taylor’s Version)",NA,"Thu Jun  8 14:59:04 2023"
"95","6iiAfo4wTA2CVC3Uwx9uh8","You’re Not Sorry (Taylor’s Version)",NA,"Thu Jun  8 14:59:04 2023"
"96","22bPsP2jCgbLUvh82U0Z3M","The Way I Loved You (Taylor’s Version)",NA,"Thu Jun  8 14:59:04 2023"
"97","1msEuwSBneBKpVCZQcFTsU","Forever & Always (Taylor’s Version)",NA,"Thu Jun  8 14:59:04 2023"
"98","6ON9UuIq49xXY9GPmHIYRp","The Best Day (Taylor’s Version)",NA,"Thu Jun  8 14:59:04 2023"
"99","3ExweHKZF9B752DPQByRVT","Change (Taylor’s Version)",NA,"Thu Jun  8 14:59:04 2023"
"100","2m3ObD945KvpE5y9A1eUWm","Jump Then Fall (Taylor’s Version)",NA,"Thu Jun  8 14:59:04 2023"
"101","0tQ9vBYpldCuikPsbgOVKA","Untouchable (Taylor’s Version)",NA,"Thu Jun  8 14:59:04 2023"
"102","01QdEx6kFr78ZejhQtWR5m","Forever & Always (Piano Version) (Taylor’s Version)",NA,"Thu Jun  8 14:59:04 2023"
"103","1n2wszmJyVkw6FHqyLnQsY","Come In With The Rain (Taylor’s Version)",NA,"Thu Jun  8 14:59:04 2023"
"104","51A8eKvvZz9uydvIZ7xRSV","Superstar (Taylor’s Version)",NA,"Thu Jun  8 14:59:04 2023"
"105","1cSFlSBdpT4F5vb1frQ231","The Other Side Of The Door (Taylor’s Version)",NA,"Thu Jun  8 14:59:04 2023"
"106","2JoJrsEV15OzbijS47lids","Today Was A Fairytale (Taylor’s Version)",NA,"Thu Jun  8 14:59:04 2023"
"107","4CHpVfAhuxNJ3ibExe6kxO","You All Over Me (feat. Maren Morris) (Taylor’s Version) (From The Vault)",NA,"Thu Jun  8 14:59:04 2023"
"108","2CYVETnhM9aytqrazYYwrK","Mr. Perfectly Fine (Taylor’s Version) (From The Vault)",NA,"Thu Jun  8 14:59:04 2023"
"109","34V9RiEPe8MNdU32qJsJa1","We Were Happy (Taylor’s Version) (From The Vault)",NA,"Thu Jun  8 14:59:04 2023"
"110","7eResoqEJJAVTkQYSqvO3P","That’s When (feat. Keith Urban) (Taylor’s Version) (From The Vault)",NA,"Thu Jun  8 14:59:04 2023"
"111","4uuEGH5SVuzkkSFjo2DEiY","Don’t You (Taylor’s Version) (From The Vault)",NA,"Thu Jun  8 14:59:04 2023"
"112","4qUijfYU8EoIWiY6oSyrgT","Bye Bye Baby (Taylor’s Version) (From The Vault)",NA,"Thu Jun  8 14:59:04 2023"
"113","2gVhfX2Gy1T9kDuS9azrF7","willow",NA,"Thu Jun  8 14:59:04 2023"
"114","1gcyHQpBQ1lfXGdhZmWrHP","champagne problems",NA,"Thu Jun  8 14:59:04 2023"
"115","3Dby3p1m6IOZn2gIIqECgK","gold rush",NA,"Thu Jun  8 14:59:04 2023"
"116","6sQckd3Z8NPxVVKUnavY1F","‘tis the damn season",NA,"Thu Jun  8 14:59:04 2023"
"117","6lCvK2AR2uOKkVFCVlAzzm","tolerate it",NA,"Thu Jun  8 14:59:04 2023"
"118","6uwfVkaOM1mcMkFmSn35ix","no body, no crime (feat. HAIM)",NA,"Thu Jun  8 14:59:04 2023"
"119","55Vf4bimc1Rtfg0PAQRAo2","happiness",NA,"Thu Jun  8 14:59:04 2023"
"120","66tOfHVH3aUrscg8vExRV4","dorothea",NA,"Thu Jun  8 14:59:04 2023"
"121","2awNGIJHodfLZSClB3PYhz","coney island (feat. The National)",NA,"Thu Jun  8 14:59:04 2023"
"122","43Ykum9T72UOPhBN31grpN","ivy",NA,"Thu Jun  8 14:59:04 2023"
"123","52OkpDsU6MmPx1AwGOb6Ap","cowboy like me",NA,"Thu Jun  8 14:59:04 2023"
"124","5VYWxXUpxuxEmCqMLDqICo","long story short",NA,"Thu Jun  8 14:59:04 2023"
"125","5uICWmZTLkpEVbK22PBP6e","marjorie",NA,"Thu Jun  8 14:59:04 2023"
"126","6a8aUhYbaQBUI8PcJ5ZmQ6","closure",NA,"Thu Jun  8 14:59:04 2023"
"127","6Wlq9rqkxrqj5Kls4Kw14H","evermore (feat. Bon Iver)",NA,"Thu Jun  8 14:59:04 2023"
"128","3zwMVvkBe2qIKDObWgXw4N","right where you left me - bonus track",NA,"Thu Jun  8 14:59:04 2023"
"129","1kdWw77ZpYOkhxeuhzU1j6","it’s time to go - bonus track",NA,"Thu Jun  8 14:59:04 2023"
"130","0lx2cLdOt3piJbcaXIV74f","willow",NA,"Thu Jun  8 14:59:04 2023"
"131","0sY6ZUTh4yoctD8VIXz339","champagne problems",NA,"Thu Jun  8 14:59:04 2023"
"132","5BK0uqwY9DNfZ630STAEaq","gold rush",NA,"Thu Jun  8 14:59:04 2023"
"133","7dW84mWkdWE5a6lFWxJCBG","‘tis the damn season",NA,"Thu Jun  8 14:59:04 2023"
"134","0PurA4JVJ8YQgSVopY8fn6","tolerate it",NA,"Thu Jun  8 14:59:04 2023"
"135","3RaT22zZsxVYxxKR7TAaYF","no body, no crime (feat. HAIM)",NA,"Thu Jun  8 14:59:04 2023"
"136","73YUReisjb3A9ActdLLjJQ","happiness",NA,"Thu Jun  8 14:59:04 2023"
"137","670fUmXf4KQekzbEgaXyPA","dorothea",NA,"Thu Jun  8 14:59:04 2023"
"138","3k7ne7VmH43ZPWxPdvPUgR","coney island (feat. The National)",NA,"Thu Jun  8 14:59:04 2023"
"139","19CSr8rwW05VJL2F91KFNK","ivy",NA,"Thu Jun  8 14:59:04 2023"
"140","1XjHRolIXL2M1EEOUsGGR4","cowboy like me",NA,"Thu Jun  8 14:59:04 2023"
"141","2o2sgVJIgFXk8GQjWTgI6U","long story short",NA,"Thu Jun  8 14:59:04 2023"
"142","12ntTeqEeTg7GAVpe8Mhpl","marjorie",NA,"Thu Jun  8 14:59:04 2023"
"143","35rdVq36LMHQX0Suw9a6tK","closure",NA,"Thu Jun  8 14:59:04 2023"
"144","3O5osWf1rSoKMwe6E9ZaXP","evermore (feat. Bon Iver)",NA,"Thu Jun  8 14:59:04 2023"
"145","0P9wLFurlgumLXuqFEpw52","the 1",NA,"Thu Jun  8 14:59:04 2023"
"146","7zcnlq38eqNWyUF6eNaB5Z","cardigan",NA,"Thu Jun  8 14:59:04 2023"
"147","4ojxSyrEraN7d46BMBPThZ","the last great american dynasty",NA,"Thu Jun  8 14:59:04 2023"
"148","6kz2hkq1xQvDqPcUyBkw8f","exile (feat. Bon Iver)",NA,"Thu Jun  8 14:59:04 2023"
"149","0Oju1YcbPCJuUQQWoZNdJK","my tears ricochet",NA,"Thu Jun  8 14:59:04 2023"
"150","5jQyGzcwqAxwT5QUIMivoX","mirrorball",NA,"Thu Jun  8 14:59:04 2023"
"151","2vJ7QvyCiR4DaHxwO58izA","seven",NA,"Thu Jun  8 14:59:04 2023"
"152","1UHoF9p75IVsvUt6WdTYhn","august",NA,"Thu Jun  8 14:59:04 2023"
"153","5DnDBYrfGoxdnomqEAkFIv","this is me trying",NA,"Thu Jun  8 14:59:04 2023"
"154","7CVTowKpGPA2MsIbkTl2oc","illicit affairs",NA,"Thu Jun  8 14:59:04 2023"
"155","4WHIqhrbdva5vQSrCuet3l","invisible string",NA,"Thu Jun  8 14:59:04 2023"
"156","7klXN6RCN5Rj0VeYO5gBzU","mad woman",NA,"Thu Jun  8 14:59:04 2023"
"157","5MFjHn1qfR9AsWuyzJLk1z","epiphany",NA,"Thu Jun  8 14:59:04 2023"
"158","2jhfs6moEAK13eLM6xim4l","betty",NA,"Thu Jun  8 14:59:04 2023"
"159","0O9i6jhscByEJs1ipy5hu4","peace",NA,"Thu Jun  8 14:59:04 2023"
"160","4XCYmu7QLySdIahgBALKJK","hoax",NA,"Thu Jun  8 14:59:04 2023"
"161","0zEprKYeuGOIZoHyu6O1E2","the lakes - bonus track",NA,"Thu Jun  8 14:59:04 2023"
"162","08J4bMHbILkwSIhbtrcvjN","the 1 - the long pond studio sessions",NA,"Thu Jun  8 14:59:04 2023"
"163","3EPgWM1zfTSzEc0z4AwWTM","cardigan - the long pond studio sessions",NA,"Thu Jun  8 14:59:04 2023"
"164","28tIMaewZuGR8urkvFhQyA","the last great american dynasty - the long pond studio sessions",NA,"Thu Jun  8 14:59:04 2023"
"165","7N015NTIWGjQDddHUdHPoO","exile (feat. Bon Iver) - the long pond studio sessions",NA,"Thu Jun  8 14:59:04 2023"
"166","5mdNyCS7ttVcAyVYOIFEjs","my tears ricochet - the long pond studio sessions",NA,"Thu Jun  8 14:59:04 2023"
"167","2yceD2hx5HhOLgkm1CITCi","mirrorball - the long pond studio sessions",NA,"Thu Jun  8 14:59:04 2023"
"168","4cOWq0cVsKjxaQpRMbDoH1","seven - the long pond studio sessions",NA,"Thu Jun  8 14:59:04 2023"
"169","4MGexoZc12lqE0hYkq9YYx","august - the long pond studio sessions",NA,"Thu Jun  8 14:59:04 2023"
"170","1gaLZjPrDnHQWJds2Jg4KT","this is me trying - the long pond studio sessions",NA,"Thu Jun  8 14:59:04 2023"
"171","560uQyz3p5G9WdnMX39xc6","illicit affairs - the long pond studio sessions",NA,"Thu Jun  8 14:59:04 2023"
"172","5KByGq0JijSSDcy0qzuINs","invisible string - the long pond studio sessions",NA,"Thu Jun  8 14:59:04 2023"
"173","04xrhDrQ2WOW8GLwu7kbc0","mad woman - the long pond studio sessions",NA,"Thu Jun  8 14:59:04 2023"
"174","4yyKppX85ZkmlGOC2toBZA","epiphany - the long pond studio sessions",NA,"Thu Jun  8 14:59:04 2023"
"175","1mh5dObNoOvCfHmXnhvDEK","betty - the long pond studio sessions",NA,"Thu Jun  8 14:59:04 2023"
"176","4YHHz3VIXgNDGdoL9xC1tx","peace - the long pond studio sessions",NA,"Thu Jun  8 14:59:04 2023"
"177","0QTBsdoJhamY3Aid3fOsOd","hoax - the long pond studio sessions",NA,"Thu Jun  8 14:59:04 2023"
"178","6mqyTq948oap5AkyTsd6XF","the lakes - the long pond studio sessions",NA,"Thu Jun  8 14:59:04 2023"
"179","4pfrrhvplbJZAIsfosGWQP","the 1",NA,"Thu Jun  8 14:59:04 2023"
"180","0KRYCBwIpWYFNrXOmXbyUh","cardigan",NA,"Thu Jun  8 14:59:04 2023"
"181","2olxzvoFI9IpxqFeUv7WOX","the last great american dynasty",NA,"Thu Jun  8 14:59:04 2023"
"182","5S4aYQAJOwJMAamANWlICO","exile (feat. Bon Iver)",NA,"Thu Jun  8 14:59:04 2023"
"183","5P2bHCDM2tsgIaYWsZMhu5","my tears ricochet",NA,"Thu Jun  8 14:59:04 2023"
"184","2I8YAEA1VmCuP1wkJHMpTw","mirrorball",NA,"Thu Jun  8 14:59:04 2023"
"185","76mOLcXOjOEhyY4mMF1l3r","seven",NA,"Thu Jun  8 14:59:04 2023"
"186","6nK2pIKFcRc5frrZKHgsiT","august",NA,"Thu Jun  8 14:59:04 2023"
"187","7cm50Lw03k6VvRauJtkyTj","this is me trying",NA,"Thu Jun  8 14:59:04 2023"
"188","6DrLROM5MG9bxWHeEG5elq","illicit affairs",NA,"Thu Jun  8 14:59:04 2023"
"189","2ehRU518I0hYqMGQnk4lDY","invisible string",NA,"Thu Jun  8 14:59:04 2023"
"190","0RP1kqoSPkVXsKiQNhMKzV","mad woman",NA,"Thu Jun  8 14:59:04 2023"
"191","1EXa37LpSvi3OQ9UYQ28rD","epiphany",NA,"Thu Jun  8 14:59:04 2023"
"192","3IhtE4fkytdrtEfV34UzkD","betty",NA,"Thu Jun  8 14:59:04 2023"
"193","6JlI8Ay77m4nJvZTHvfT1J","peace",NA,"Thu Jun  8 14:59:04 2023"
"194","0YeDG5HnKnG7jpArkzsSPa","hoax",NA,"Thu Jun  8 14:59:04 2023"
"195","0eFQWVz0qIxDOvhLpZ40P7","the lakes - bonus track",NA,"Thu Jun  8 14:59:04 2023"
"196","0Jlcvv8IykzHaSmj49uNW8","the 1",NA,"Thu Jun  8 14:59:04 2023"
"197","4R2kfaDFhslZEMJqAFNpdd","cardigan",NA,"Thu Jun  8 14:59:04 2023"
"198","2Eeur20xVqfUoM3Q7EFPFt","the last great american dynasty",NA,"Thu Jun  8 14:59:04 2023"
"199","4pvb0WLRcMtbPGmtejJJ6y","exile (feat. Bon Iver)",NA,"Thu Jun  8 14:59:04 2023"
"200","1MgV7FIyNxIG7WzMRJV5HC","my tears ricochet",NA,"Thu Jun  8 14:59:04 2023"
"201","0ZNU020wNYvgW84iljPkPP","mirrorball",NA,"Thu Jun  8 14:59:04 2023"
"202","6KJqZcs9XDgVck7Lg9QOTC","seven",NA,"Thu Jun  8 14:59:04 2023"
"203","3hUxzQpSfdDqwM3ZTFQY0K","august",NA,"Thu Jun  8 14:59:04 2023"
"204","7kt9e9LFSpN1zQtYEl19o1","this is me trying",NA,"Thu Jun  8 14:59:04 2023"
"205","2NmsngXHeC1GQ9wWrzhOMf","illicit affairs",NA,"Thu Jun  8 14:59:04 2023"
"206","6VsvKPJ4xjVNKpI8VVZ3SV","invisible string",NA,"Thu Jun  8 14:59:04 2023"
"207","2QDyYdZyhlP2fp79KZX8Bi","mad woman",NA,"Thu Jun  8 14:59:04 2023"
"208","08fa9LFcFBTcilB3iq2e2A","epiphany",NA,"Thu Jun  8 14:59:04 2023"
"209","5kI4eCXXzyuIUXjQra0Cxi","betty",NA,"Thu Jun  8 14:59:04 2023"
"210","7MbT4I8qGntX4fMdqMQgke","peace",NA,"Thu Jun  8 14:59:04 2023"
"211","6MWoRt97mnSTXZhu3ggi9C","hoax",NA,"Thu Jun  8 14:59:04 2023"
"212","43rA71bccXFGD4C8GOpIlN","I Forgot That You Existed",NA,"Thu Jun  8 14:59:04 2023"
"213","1BxfuPKGuaTgP7aM0Bbdwr","Cruel Summer",NA,"Thu Jun  8 14:59:04 2023"
"214","1dGr1c8CrMLDpV6mPbImSI","Lover",NA,"Thu Jun  8 14:59:04 2023"
"215","3RauEVgRgj1IuWdJ9fDs70","The Man",NA,"Thu Jun  8 14:59:04 2023"
"216","3pHkh7d0lzM2AldUtz2x37","The Archer",NA,"Thu Jun  8 14:59:04 2023"
"217","2YWtcWi3a83pdEg3Gif4Pd","I Think He Knows",NA,"Thu Jun  8 14:59:04 2023"
"218","214nt20w5wOxJnY462klLw","Miss Americana & The Heartbreak Prince",NA,"Thu Jun  8 14:59:04 2023"
"219","4y5bvROuBDPr5fuwXbIBZR","Paper Rings",NA,"Thu Jun  8 14:59:04 2023"
"220","12M5uqx0ZuwkpLp5rJim1a","Cornelia Street",NA,"Thu Jun  8 14:59:04 2023"
"221","2dgFqt3w9xIQRjhPtwNk3D","Death By A Thousand Cuts",NA,"Thu Jun  8 14:59:04 2023"
"222","1LLXZFeAHK9R4xUramtUKw","London Boy",NA,"Thu Jun  8 14:59:04 2023"
"223","4AYtqFyFbX0Xkc2wtcygTr","Soon You’ll Get Better (feat. The Chicks)",NA,"Thu Jun  8 14:59:04 2023"
"224","5hQSXkFgbxjZo9uCwd11so","False God",NA,"Thu Jun  8 14:59:04 2023"
"225","6RRNNciQGZEXnqk8SQ9yv5","You Need To Calm Down",NA,"Thu Jun  8 14:59:04 2023"
"226","1SymEzIT3H8UZfibCs3TYi","Afterglow",NA,"Thu Jun  8 14:59:04 2023"
"227","2Rk4JlNc2TPmZe2af99d45","ME! (feat. Brendon Urie of Panic! At The Disco)",NA,"Thu Jun  8 14:59:04 2023"
"228","1SmiQ65iSAbPto6gPFlBYm","It’s Nice To Have A Friend",NA,"Thu Jun  8 14:59:04 2023"
"229","1fzAuUVbzlhZ1lJAx9PtY6","Daylight",NA,"Thu Jun  8 14:59:04 2023"
"230","2yLa0QULdQr0qAIvVwN6B5","...Ready For It?",NA,"Thu Jun  8 14:59:04 2023"
"231","2x0WlnmfG39ZuDmstl9xfX","End Game",NA,"Thu Jun  8 14:59:04 2023"
"232","4svZDCRz4cJoneBpjpx8DJ","I Did Something Bad",NA,"Thu Jun  8 14:59:04 2023"
"233","1R0a2iXumgCiFb7HEZ7gUE","Don’t Blame Me",NA,"Thu Jun  8 14:59:04 2023"
"234","6NFyWDv5CjfwuzoCkw47Xf","Delicate",NA,"Thu Jun  8 14:59:04 2023"
"235","1P17dC1amhFzptugyAO7Il","Look What You Made Me Do",NA,"Thu Jun  8 14:59:04 2023"
"236","5PxFv9yJEg9dxvbZggykro","So It Goes...",NA,"Thu Jun  8 14:59:04 2023"
"237","1ZY1PqizIl78geGM4xWlEA","Gorgeous",NA,"Thu Jun  8 14:59:04 2023"
"238","0VE4kBnHJUgtMf0dy6DRmW","Getaway Car",NA,"Thu Jun  8 14:59:04 2023"
"239","7HuBDWi18s4aJM8UFnNheH","King Of My Heart",NA,"Thu Jun  8 14:59:04 2023"
"240","7I7JbDv63ZJJsSi24DyJrz","Dancing With Our Hands Tied",NA,"Thu Jun  8 14:59:04 2023"
"241","6oVxXO5oQ4pTpO8RSnkzvv","Dress",NA,"Thu Jun  8 14:59:04 2023"
"242","07NxDD1iKCHbAldceD7QLP","This Is Why We Can't Have Nice Things",NA,"Thu Jun  8 14:59:04 2023"
"243","1GwMQaZz6Au3QLDbjbMdme","Call It What You Want",NA,"Thu Jun  8 14:59:04 2023"
"244","7F5oktn5YOsR9eR5YsFtqb","New Year’s Day",NA,"Thu Jun  8 14:59:04 2023"
"245","00vJzaoxM3Eja1doBUhX0P","All Too Well",NA,"Thu Jun  8 14:59:04 2023"
"246","22C0JIVhFaczZ4t9heqREN","Wildest Dreams",NA,"Thu Jun  8 14:59:04 2023"
"247","7APTsjmZbj7TFXQJAiRti4","The Best Day",NA,"Thu Jun  8 14:59:04 2023"
"248","4V9NuhKQcUFt4cgbynHV79","Red",NA,"Thu Jun  8 14:59:04 2023"
"249","4hCZk6WJBFQeG3P7WsyntI","Holy Ground",NA,"Thu Jun  8 14:59:04 2023"
"250","7eGeUVeCEvEQrivmjl9Qn3","Teardrops On My Guitar - Radio Single Remix",NA,"Thu Jun  8 14:59:04 2023"
"251","7qGr3rjRhndRIpFUA5f2HJ","Our Song",NA,"Thu Jun  8 14:59:04 2023"
"252","2P5gfMtCcKP0CkmgqFMyPg","22",NA,"Thu Jun  8 14:59:04 2023"
"253","2o2IVjuqRkR9hJxtPjtAP0","I Knew You Were Trouble.",NA,"Thu Jun  8 14:59:04 2023"
"254","55n9yjI6qqXh5F2mYvUc2y","I Don’t Wanna Live Forever (Fifty Shades Darker)",NA,"Thu Jun  8 14:59:04 2023"
"255","5rcHBt2aNcGFWW0jaAUe1L","Mean",NA,"Thu Jun  8 14:59:04 2023"
"256","3aSYZ4upQ6OSNos26YeVWL","How You Get The Girl",NA,"Thu Jun  8 14:59:04 2023"
"257","41T04yafZVrjNq2FqvLtId","So It Goes...",NA,"Thu Jun  8 14:59:04 2023"
"258","0H2UD0LfSCiRr59YMGlCuS","Fifteen",NA,"Thu Jun  8 14:59:04 2023"
"259","6FmJKLpyCt42nP2IOVEVc2","Mine",NA,"Thu Jun  8 14:59:04 2023"
"260","5h2sBwpUSAndjObfU3ti2r","Sparks Fly",NA,"Thu Jun  8 14:59:04 2023"
"261","0YRGTdfmJPALpglAaraYUr","State Of Grace",NA,"Thu Jun  8 14:59:04 2023"
"262","6CB7DczrX9ZJB9Wkjegmaq","Haunted",NA,"Thu Jun  8 14:59:04 2023"
"263","1UPDfqsVIZLEiZeMuUsni2","Never Grow Up",NA,"Thu Jun  8 14:59:04 2023"
"264","0r3U7SOcoj4DIEyN44Lt5z","Treacherous",NA,"Thu Jun  8 14:59:04 2023"
"265","40PXEOFLJc7UIpLMrhSfW1","Babe",NA,"Thu Jun  8 14:59:04 2023"
"266","3YLA3NgzFRRa7LiHMtFPby","Welcome To New York",NA,"Thu Jun  8 14:59:04 2023"
"267","43sE2O3skbGBpT2tO6fzv9","Fearless",NA,"Thu Jun  8 14:59:04 2023"
"268","5lg33MHs1BoUtJVClw8ZpI","Enchanted",NA,"Thu Jun  8 14:59:04 2023"
"269","5PSOWHll3h3Vy226xSJk0M","Change",NA,"Thu Jun  8 14:59:04 2023"
"270","0V3SNHDka1JSCP71HAzpxw","Ours",NA,"Thu Jun  8 14:59:04 2023"
"271","0GmfiNHSgkKamYgQEMYOH3","Out Of The Woods",NA,"Thu Jun  8 14:59:04 2023"
"272","5hiqtrACtMJkNpaNHj0n9Z","Come Back...Be Here",NA,"Thu Jun  8 14:59:04 2023"
"273","2RSYYe7LhKFxIi50T5XtUo","A Place in this World",NA,"Thu Jun  8 14:59:04 2023"
"274","64KRxmbqypPBlya4nxFmDn","This Love",NA,"Thu Jun  8 14:59:04 2023"
"275","24ksPWXKg1k7OOG57pufED","The Lucky One",NA,"Thu Jun  8 14:59:04 2023"
"276","0kqC185OTcnuhbz4T7g5RB","Invisible",NA,"Thu Jun  8 14:59:04 2023"
"277","3oxgFdIlxFEDEJqn7k5TVN","Breathe",NA,"Thu Jun  8 14:59:04 2023"
"278","3EXetjrGgwIjDRNn6YA8sa","Better Man",NA,"Thu Jun  8 14:59:04 2023"
"279","5zytSTR2g0I9psX2Z12ex6","Jump Then Fall",NA,"Thu Jun  8 14:59:04 2023"
"280","2G679wnKfyhUOeNx910OXg","Begin Again",NA,"Thu Jun  8 14:59:04 2023"
"281","4qNEi8zGIYLiMtoW8OaJdx","Tied Together with a Smile",NA,"Thu Jun  8 14:59:04 2023"
"282","2fF3QzbGCrtrDXIdWcg1mv","The Story Of Us",NA,"Thu Jun  8 14:59:04 2023"
"283","0QCS4NpURHvWdF1icdkfBw","Forever & Always",NA,"Thu Jun  8 14:59:04 2023"
"284","0TYJbIHBtmWy9ugtU9BcbE","Hey Stephen",NA,"Thu Jun  8 14:59:04 2023"
"285","1XLc4irbX7oQSneh6gWv3O","Speak Now",NA,"Thu Jun  8 14:59:04 2023"
"286","0eTCaVOYLpJlSkbEi2jay4","Wonderland",NA,"Thu Jun  8 14:59:04 2023"
"287","4RMfSYDFkcz0bKoK8fHDgR","White Horse",NA,"Thu Jun  8 14:59:04 2023"
"288","6Py8IKZqDyU8aQVrjilbJw","I'm Only Me When I'm With You",NA,"Thu Jun  8 14:59:04 2023"
"289","7txpzmA69zyk50K3ZyZSzC","Starlight",NA,"Thu Jun  8 14:59:04 2023"
"290","3qGLcmO0XnnrcpAQGZwTvA","I Know Places",NA,"Thu Jun  8 14:59:04 2023"
"291","33Kq0AT5rvwyE4azisG08x","Welcome To New York",NA,"Thu Jun  8 14:59:04 2023"
"292","2sC2P3BN0IXujNaaSyDmtP","Blank Space",NA,"Thu Jun  8 14:59:04 2023"
"293","1fo2ctLqj3zBhRQKOXprol","Style",NA,"Thu Jun  8 14:59:04 2023"
"294","6Nde5KuTXyB7jlPO4upaBo","Out Of The Woods",NA,"Thu Jun  8 14:59:04 2023"
"295","0lmMtDQ2ElasKU2qDAE6NN","All You Had To Do Was Stay",NA,"Thu Jun  8 14:59:04 2023"
"296","3fthfkkvy9av3q3uAGVf7U","Shake It Off",NA,"Thu Jun  8 14:59:04 2023"
"297","1B5VzXPqMlvRw0U4HJY3dJ","I Wish You Would",NA,"Thu Jun  8 14:59:04 2023"
"298","0yN4fNzmVnmgC0dsOoi9Wh","Bad Blood",NA,"Thu Jun  8 14:59:04 2023"
"299","106R7Z57WYzBAfrXImV30y","Wildest Dreams",NA,"Thu Jun  8 14:59:04 2023"
"300","6wfugRLamFsTRbPcCpNnP7","How You Get The Girl",NA,"Thu Jun  8 14:59:04 2023"
"301","1kTPQnabROVkW9bUXdCGrB","This Love",NA,"Thu Jun  8 14:59:04 2023"
"302","2zfgVd034GlUvk7LqBHl6u","I Know Places",NA,"Thu Jun  8 14:59:04 2023"
"303","4bXCcoesMt8u99xMsbLr9U","Clean",NA,"Thu Jun  8 14:59:04 2023"
"304","6iWMI5oOhWrDbLbjmwTWFq","Wonderland",NA,"Thu Jun  8 14:59:04 2023"
"305","4A2LfnduSTsE8u0ecYROxE","You Are In Love",NA,"Thu Jun  8 14:59:04 2023"
"306","6rZVy6FIG7lSJQMFXHo12z","New Romantics",NA,"Thu Jun  8 14:59:04 2023"
"307","4JQm7ebhsrt10wmrP6AfXL","I Know Places - Voice Memo",NA,"Thu Jun  8 14:59:04 2023"
"308","4TtyvyI42C0KFnbDZvNC8Y","I Wish You Would - Voice Memo",NA,"Thu Jun  8 14:59:04 2023"
"309","0yisH8r0f3Mkq34kjzUlCV","Blank Space - Voice Memo",NA,"Thu Jun  8 14:59:04 2023"
"310","6qnM0XXPZOINWA778uNqQ9","Welcome To New York",NA,"Thu Jun  8 14:59:04 2023"
"311","1p80LdxRV74UKvL8gnD7ky","Blank Space",NA,"Thu Jun  8 14:59:04 2023"
"312","4lIxdJw6W3Fg4vUIYCB0S5","Style",NA,"Thu Jun  8 14:59:04 2023"
"313","5OndtwLGA9O6XHFcGm2H7r","Out Of The Woods",NA,"Thu Jun  8 14:59:04 2023"
"314","0dAb8TY433dl3ZfXYCLE19","All You Had To Do Was Stay",NA,"Thu Jun  8 14:59:04 2023"
"315","5xTtaWoae3wi06K5WfVUUH","Shake It Off",NA,"Thu Jun  8 14:59:04 2023"
"316","3wmN11qXGL0HyPojvEE1D9","I Wish You Would",NA,"Thu Jun  8 14:59:04 2023"
"317","273dCMFseLcVsoSWx59IoE","Bad Blood",NA,"Thu Jun  8 14:59:04 2023"
"318","59HjlYCeBsxdI0fcm3zglw","Wildest Dreams",NA,"Thu Jun  8 14:59:04 2023"
"319","4dYUOfmWna6DFccnz732n8","How You Get The Girl",NA,"Thu Jun  8 14:59:04 2023"
"320","3oKMl2tJv4fdidkXUYMI5x","This Love",NA,"Thu Jun  8 14:59:04 2023"
"321","3jBMHD19RZdAqG9iFQh7xc","I Know Places",NA,"Thu Jun  8 14:59:04 2023"
"322","06WgOCf0LV2h4keYXDRnuh","Clean",NA,"Thu Jun  8 14:59:04 2023"
"323","5zyCYmiaVE5y26EZuwZbsw","State Of Grace",NA,"Thu Jun  8 14:59:04 2023"
"324","1RvQQGwaPipiNgz8RXAKA8","Red",NA,"Thu Jun  8 14:59:04 2023"
"325","0XfOV7qY3834QpFVwOb6CC","Treacherous",NA,"Thu Jun  8 14:59:04 2023"
"326","0ciHz919LVKoH4zgxyMPZ9","I Knew You Were Trouble.",NA,"Thu Jun  8 14:59:04 2023"
"327","1q3RiD1tIWUpGsNFADMlvl","All Too Well",NA,"Thu Jun  8 14:59:04 2023"
"328","3bIxTsfeNMO7Nt2J3EUKrA","22",NA,"Thu Jun  8 14:59:04 2023"
"329","31pEV5lPJi7btskZoUr2yu","I Almost Do",NA,"Thu Jun  8 14:59:04 2023"
"330","1OYARuagDrpgNNQ4loO1Cs","We Are Never Ever Getting Back Together",NA,"Thu Jun  8 14:59:04 2023"
"331","1x0J8LFX23d5h1zzuzZorc","Stay Stay Stay",NA,"Thu Jun  8 14:59:04 2023"
"332","7vvIpJZye5cRR6De1LKM0m","The Last Time",NA,"Thu Jun  8 14:59:04 2023"
"333","5d2Kn9oAAh9S2EbyCo1i52","Holy Ground",NA,"Thu Jun  8 14:59:04 2023"
"334","5QKhg4r4Ibt0LVTmWEXTEg","Sad Beautiful Tragic",NA,"Thu Jun  8 14:59:04 2023"
"335","2wtHlpYSgC7xEdD3DrSHNL","The Lucky One",NA,"Thu Jun  8 14:59:04 2023"
"336","7gdwoOmi258QJq0hmQ4hto","Everything Has Changed",NA,"Thu Jun  8 14:59:04 2023"
"337","0vqI4ZIMuifeKeItGiWbPj","Starlight",NA,"Thu Jun  8 14:59:04 2023"
"338","48A0aShHlovDfTMucMrE66","Begin Again",NA,"Thu Jun  8 14:59:04 2023"
"339","5AsmAjBSSQjRPWgAYIp8tm","The Moment I Knew",NA,"Thu Jun  8 14:59:04 2023"
"340","4qyalTRMRH5YuEntvvMvq0","Come Back...Be Here",NA,"Thu Jun  8 14:59:04 2023"
"341","6cf6rLb8qcklvJv90W6HCW","Girl At Home",NA,"Thu Jun  8 14:59:04 2023"
"342","7BT9K9BDqq6HI2oWH5UMZQ","Treacherous - Original Demo Recording",NA,"Thu Jun  8 14:59:04 2023"
"343","4mqgn90sCeVSYqcoftTQTd","Red - Original Demo Recording",NA,"Thu Jun  8 14:59:04 2023"
"344","5G9AVKld9q7DCrmoY42raf","State Of Grace - Acoustic",NA,"Thu Jun  8 14:59:04 2023"
"345","786NsUYn4GGUf8AOt0SQhP","State Of Grace",NA,"Thu Jun  8 14:59:04 2023"
"346","0cITLOYn1Sv4q27zZPqlNK","Red",NA,"Thu Jun  8 14:59:04 2023"
"347","5kYFVSQoPu7yRpfiHBwMUk","Treacherous",NA,"Thu Jun  8 14:59:04 2023"
"348","72jCZdH0Lhg93z6Z4hBjgj","I Knew You Were Trouble.",NA,"Thu Jun  8 14:59:04 2023"
"349","4XMP3zVxrnr58T0tjIHvpR","All Too Well",NA,"Thu Jun  8 14:59:04 2023"
"350","2ULNeSomDxVNmdDy8VxEBU","22",NA,"Thu Jun  8 14:59:04 2023"
"351","5VwFkx7JOimOGTYfha5rs1","I Almost Do",NA,"Thu Jun  8 14:59:04 2023"
"352","7AEAGTc8cReDqcbPoY9gwo","We Are Never Ever Getting Back Together",NA,"Thu Jun  8 14:59:04 2023"
"353","1qLeEu4iXEclkLwoBlMiou","Stay Stay Stay",NA,"Thu Jun  8 14:59:04 2023"
"354","3n9mzjgAzjyKawvbHzciXF","The Last Time",NA,"Thu Jun  8 14:59:04 2023"
"355","1fGsZsIkQkOspfsT24nQP6","Holy Ground",NA,"Thu Jun  8 14:59:04 2023"
"356","6LKjHhOW1az75pCQ9XJJtF","Sad Beautiful Tragic",NA,"Thu Jun  8 14:59:04 2023"
"357","2X2J0BhxaLTmnxO4pPUhSd","The Lucky One",NA,"Thu Jun  8 14:59:04 2023"
"358","4NAmRvqSITAAzKWnC8yRq3","Everything Has Changed",NA,"Thu Jun  8 14:59:04 2023"
"359","7MecVsMj22MneZt7kVFaCr","Starlight",NA,"Thu Jun  8 14:59:04 2023"
"360","0L4YCNRfXAoTvdpWeH2RGj","Begin Again",NA,"Thu Jun  8 14:59:04 2023"
"361","1aBJNc2thaKyh5THWzIqHX","Sparks Fly - Live/2011",NA,"Thu Jun  8 14:59:04 2023"
"362","7yndkPYP6YQQLBpPsizDfh","Mine - Live/2011",NA,"Thu Jun  8 14:59:04 2023"
"363","72GIZuUXo14oyrS0si3Rgc","The Story Of Us - Live",NA,"Thu Jun  8 14:59:04 2023"
"364","7mFiEij8AXPUZB7aKLbUlQ","Mean - Live/2011",NA,"Thu Jun  8 14:59:04 2023"
"365","68QyrSzpnoU04AAhE5z8lj","Ours - Live/2011",NA,"Thu Jun  8 14:59:04 2023"
"366","1IsquhJFJ0qcFZI7FeAEuN","Back To December/Apologize/You're Not Sorry - Live/2011/Medley",NA,"Thu Jun  8 14:59:04 2023"
"367","6505MLhnqTDDg4tjoUz2Wp","Better Than Revenge - Live/2011",NA,"Thu Jun  8 14:59:04 2023"
"368","3QFB14MOUf3imlyISNmrbT","Speak Now - Live/2011",NA,"Thu Jun  8 14:59:04 2023"
"369","6hH37tyeRdyan1mAppmVor","Last Kiss - Live/2011",NA,"Thu Jun  8 14:59:04 2023"
"370","0BSmbCIY36iw04azzJ3S0S","Drops Of Jupiter - Live/2011",NA,"Thu Jun  8 14:59:04 2023"
"371","6KF9xd2hBLuexrmBX4vUWD","Bette Davis Eyes - Live/2011",NA,"Thu Jun  8 14:59:04 2023"
"372","4KB3zBArZ1rHRExilzycaV","I Want You Back - Live/2011",NA,"Thu Jun  8 14:59:04 2023"
"373","4DbI1rr4IQ2bc8nejy9ttd","Dear John - Live/2011",NA,"Thu Jun  8 14:59:04 2023"
"374","3lm4L3pPL32PFy74dR17OR","Enchanted - Live/2011",NA,"Thu Jun  8 14:59:04 2023"
"375","6znB7YZhMJT2B83zfbiyLq","Haunted - Live/2011",NA,"Thu Jun  8 14:59:04 2023"
"376","5QkzyLUb4ggojNDp8G2OxX","Long Live - Live/2011",NA,"Thu Jun  8 14:59:04 2023"
"377","6LZaxlycSWrJZ4Volb25qx","Mine",NA,"Thu Jun  8 14:59:04 2023"
"378","1q8E1FfFuhd12c5JcJwPxQ","Sparks Fly",NA,"Thu Jun  8 14:59:04 2023"
"379","7lxADouiWFkwR7ZV2GKUcH","Back To December",NA,"Thu Jun  8 14:59:04 2023"
"380","1nYWTzy5zu3zEPNgB1sItW","Speak Now",NA,"Thu Jun  8 14:59:04 2023"
"381","1ubvV5ECkm6nSI6g1HmbBK","Dear John",NA,"Thu Jun  8 14:59:04 2023"
"382","4N60XfcTE1ysLZGbYgnYXq","Mean",NA,"Thu Jun  8 14:59:04 2023"
"383","19tHCfzUSoy5HkpxcmbA0A","The Story Of Us",NA,"Thu Jun  8 14:59:04 2023"
"384","74WBGgUnpKrJXt6TETfR6Z","Never Grow Up",NA,"Thu Jun  8 14:59:04 2023"
"385","14LtANuaslKWyYbktUrHBU","Enchanted",NA,"Thu Jun  8 14:59:04 2023"
"386","1By2VQkUN0Frd8mKNV5NYC","Better Than Revenge",NA,"Thu Jun  8 14:59:04 2023"
"387","3kfgJql90tzgoxByioAMXR","Innocent",NA,"Thu Jun  8 14:59:04 2023"
"388","11UaQaEp2LvdspTyyuE3ur","Haunted",NA,"Thu Jun  8 14:59:04 2023"
"389","1D27z8xNzjW0Mwwt1NCWhJ","Last Kiss",NA,"Thu Jun  8 14:59:04 2023"
"390","7DjCRhhFo9PPzca1BjMLcf","Long Live",NA,"Thu Jun  8 14:59:04 2023"
"391","1EQn3Uc5AyUXoiPLeyCrrg","Ours",NA,"Thu Jun  8 14:59:04 2023"
"392","0vvt4IZOMkRug195S4MUq0","If This Was A Movie",NA,"Thu Jun  8 14:59:04 2023"
"393","2R7C9dDqv1UPycvepBFziA","Superman",NA,"Thu Jun  8 14:59:04 2023"
"394","6IH2Z54gYPLqgJtxZjX80i","Back To December - Acoustic",NA,"Thu Jun  8 14:59:04 2023"
"395","62rlxI6g2PNaWsHoiRryto","Haunted - Acoustic Version",NA,"Thu Jun  8 14:59:04 2023"
"396","0fAbfDiuQiUwV7FUcFfRGY","Mine - POP Mix",NA,"Thu Jun  8 14:59:04 2023"
"397","0dBW6ZsW8skfvoRfgeerBF","Mine",NA,"Thu Jun  8 14:59:04 2023"
"398","6d9IiDcFxtFVIvt9pCqyGH","Sparks Fly",NA,"Thu Jun  8 14:59:04 2023"
"399","3DrjZArsPsoqbLzUZZV1Id","Back To December",NA,"Thu Jun  8 14:59:04 2023"
"400","24DefNCFiWTP8OjYWiXuYe","Speak Now",NA,"Thu Jun  8 14:59:04 2023"
"401","7hZuICN5eaCuQyp443RCt6","Dear John",NA,"Thu Jun  8 14:59:04 2023"
"402","5yEPktRqvIhko5QFF3aBhQ","Mean",NA,"Thu Jun  8 14:59:04 2023"
"403","3RBluWmSoG2pGA1OePzGJI","The Story Of Us",NA,"Thu Jun  8 14:59:04 2023"
"404","1wJL1A0QUHJPf2cm7tsrdw","Never Grow Up",NA,"Thu Jun  8 14:59:04 2023"
"405","10eBRyImhfqVvkiVEGf0N0","Enchanted",NA,"Thu Jun  8 14:59:04 2023"
"406","2ythurkTtSiyfK7GprJoFW","Better Than Revenge",NA,"Thu Jun  8 14:59:04 2023"
"407","5GPwN5iZ9ZMSXAkppj4Uvv","Innocent",NA,"Thu Jun  8 14:59:04 2023"
"408","28M2gifMU282QBM3fKajIS","Haunted",NA,"Thu Jun  8 14:59:04 2023"
"409","4h0EXpatqJImv4VRgvX6po","Last Kiss",NA,"Thu Jun  8 14:59:04 2023"
"410","6XDBA3QWX51lDJ0oZbaJJN","Long Live",NA,"Thu Jun  8 14:59:04 2023"
"411","08gavXombT6KR0af88i9tA","Jump Then Fall",NA,"Thu Jun  8 14:59:04 2023"
"412","2IZ00ed83ygPIiacYScWUE","Untouchable",NA,"Thu Jun  8 14:59:04 2023"
"413","46HGgtwmmuEB8mvDCyjyAc","Forever & Always - Piano Version",NA,"Thu Jun  8 14:59:04 2023"
"414","4pl5zcqCv4vc3cB7M4MZ6f","Come In With The Rain",NA,"Thu Jun  8 14:59:04 2023"
"415","14Bljc3pOOG0xQX3wqhLN9","SuperStar",NA,"Thu Jun  8 14:59:04 2023"
"416","0xvsgzM8AtBtRHZm5rav8A","The Other Side Of The Door",NA,"Thu Jun  8 14:59:04 2023"
"417","3F6czr26ZwGU5O5CHY04Ma","Fearless",NA,"Thu Jun  8 14:59:04 2023"
"418","3M0w3fhdXByHLCNAoi5c9G","Fifteen",NA,"Thu Jun  8 14:59:04 2023"
"419","0kN3oXYWWAk1uC0y2WoyOE","Love Story",NA,"Thu Jun  8 14:59:04 2023"
"420","6wcFdMmiDscAhZJrcVFumx","Hey Stephen",NA,"Thu Jun  8 14:59:04 2023"
"421","4jPtq9shRdUv8Zjr0a5xkD","White Horse",NA,"Thu Jun  8 14:59:04 2023"
"422","3as6Wz3mwbTnusWhZjTUNr","You Belong With Me",NA,"Thu Jun  8 14:59:04 2023"
"423","6S9G7J3EB1ZY0rrZPwsBg5","Breathe",NA,"Thu Jun  8 14:59:04 2023"
"424","4XrP7vKBjKLEYlRZdb0Ygr","Tell Me Why",NA,"Thu Jun  8 14:59:04 2023"
"425","6HWYtS215rxaaMjvpyG18W","You're Not Sorry",NA,"Thu Jun  8 14:59:04 2023"
"426","77VotUUL79U10TAnYdqwvr","The Way I Loved You",NA,"Thu Jun  8 14:59:04 2023"
"427","1zxrcAk6eiytfavqriMcKT","Forever & Always",NA,"Thu Jun  8 14:59:04 2023"
"428","5YbZZ2gYfvW1UvHHF4pVaD","The Best Day",NA,"Thu Jun  8 14:59:04 2023"
"429","0RdcBnAXyH2YZZvcBVu2k6","Change",NA,"Thu Jun  8 14:59:04 2023"
"430","6Eu31gddWw0gOGO506pJYA","Fearless",NA,"Thu Jun  8 14:59:04 2023"
"431","4t0OI7XrODjSkAu3bTPmWj","Fifteen",NA,"Thu Jun  8 14:59:04 2023"
"432","1vrd6UOGamcKNGnSHJQlSt","Love Story",NA,"Thu Jun  8 14:59:04 2023"
"433","4WXzzCof26KJLTK5kK53dS","Hey Stephen",NA,"Thu Jun  8 14:59:04 2023"
"434","6wn61Fzx9XMxQmieLpoIhW","White Horse",NA,"Thu Jun  8 14:59:04 2023"
"435","3GCL1PydwsLodcpv0Ll1ch","You Belong With Me",NA,"Thu Jun  8 14:59:04 2023"
"436","49mWEy5MgtNujgT7xU3emT","Breathe",NA,"Thu Jun  8 14:59:04 2023"
"437","3rnI1UCyGJvUTVvT97VQr5","Tell Me Why",NA,"Thu Jun  8 14:59:04 2023"
"438","0HmCuN0Z3OX1Qrz43FLOPL","You're Not Sorry",NA,"Thu Jun  8 14:59:04 2023"
"439","5P4wWhUYWM0IaVYLuZxdar","The Way I Loved You",NA,"Thu Jun  8 14:59:04 2023"
"440","47HtKpfzpAt8rQjjXWotFj","Forever & Always",NA,"Thu Jun  8 14:59:04 2023"
"441","3esA216TyLHEkNiBCeCmcg","The Best Day",NA,"Thu Jun  8 14:59:04 2023"
"442","1yACRKAwlXWhXXFUSkvzhD","Change",NA,"Thu Jun  8 14:59:04 2023"
"443","4RBKAqJ3qyvvriDG0s9IJ3","Love Story - Live From Clear Channel Stripped 2008",NA,"Thu Jun  8 14:59:04 2023"
"444","5g7RMU3cV7zXWH244BLe7G","Fearless - Live From Clear Channel Stripped 2008",NA,"Thu Jun  8 14:59:04 2023"
"445","4aBW31cmkA7BLColUsMEeZ","Beautiful Eyes - Live From Clear Channel Stripped 2008",NA,"Thu Jun  8 14:59:04 2023"
"446","4MbHDiHQjhmoVAV75G04Ql","Untouchable - Live From Clear Channel Stripped 2008",NA,"Thu Jun  8 14:59:04 2023"
"447","4DjevQhsPWULcondN4mRh5","Teardrops On My Guitar - Live From Clear Channel Stripped 2008",NA,"Thu Jun  8 14:59:04 2023"
"448","7EvU9pRoJ9Xs7anx0P7tEc","Picture To Burn - Live From Clear Channel Stripped 2008",NA,"Thu Jun  8 14:59:04 2023"
"449","5a9hUL6ZuiagZhazwrtwHF","Should've Said No - Live From Clear Channel Stripped 2008",NA,"Thu Jun  8 14:59:04 2023"
"450","69o9kr9UexjzeZDE8yD8dQ","Change - Live From Clear Channel Stripped 2008",NA,"Thu Jun  8 14:59:04 2023"
"451","0Om9WAB5RS09L80DyOfTNa","Tim McGraw",NA,"Thu Jun  8 14:59:04 2023"
"452","32mVHdy0bi1XKgr0ajsBlG","Picture To Burn",NA,"Thu Jun  8 14:59:04 2023"
"453","7zMcNqs55Mxer82bvZFkpg","Teardrops On My Guitar - Radio Single Remix",NA,"Thu Jun  8 14:59:04 2023"
"454","73OX8GdpOeGzKC6OvGSbsv","A Place in this World",NA,"Thu Jun  8 14:59:04 2023"
"455","7an1exwMnfYRcdVQm0yDev","Cold As You",NA,"Thu Jun  8 14:59:04 2023"
"456","2QA3IixpRcKyOdG7XDzRgv","The Outside",NA,"Thu Jun  8 14:59:04 2023"
"457","6K0CJLVXqbGMeJSmJ4ENKK","Tied Together with a Smile",NA,"Thu Jun  8 14:59:04 2023"
"458","2ZoOmCSgj0ypVAmGd1ve4y","Stay Beautiful",NA,"Thu Jun  8 14:59:04 2023"
"459","16MVSD0mGI4RMQT83Qzm69","Should've Said No",NA,"Thu Jun  8 14:59:04 2023"
"460","2QrQCMel6v2JiLxqrg4p2O","Mary's Song (Oh My My My)",NA,"Thu Jun  8 14:59:04 2023"
"461","15DeqWWQB4dcEWzJg15VrN","Our Song",NA,"Thu Jun  8 14:59:04 2023"
"462","0JIdBrXGSJXS72zjF9ss9u","I'm Only Me When I'm With You",NA,"Thu Jun  8 14:59:04 2023"
"463","5OOd01o2YS1QFwdpVLds3r","Invisible",NA,"Thu Jun  8 14:59:04 2023"
"464","1spLfUJxtyVyiKKTegQ2r4","A Perfectly Good Heart",NA,"Thu Jun  8 14:59:04 2023"
"465","4pJi1rVt9GNegU9kywjg4z","Teardrops on My Guitar - Pop Version",NA,"Thu Jun  8 14:59:04 2023"
